question,response
What is diabetes?,Category of diabetes retinal disease: eye disease
What are the symptoms of diabetes retinal disease?,Category of diabetes retinal disease: eye disease
What's the cure for diabetes retinal disease?,Category of diabetes retinal disease: eye disease
What is the endology name for diabetes retinal disease?,Diabetic revolution of diabetes retinal disease:
What are the major symptoms of diabetes retinal disease?,"Symptoms of diabetes retinal disease: loss of vision, uterine eclipsis, precipitation of things, rabies, blindness, epidemiology."
What are the symptoms of cytoplasm due to diabetes?,"Symptoms of diabetes retinal disease: loss of vision, uterine eclipsis, precipitation of things, rabies, blindness, epidemiology."
What are the symptoms of diabetes retinal disease?,"A related disease for diabetes retinal disease: insulin-dependent diabetes, insulin-dependency diabetes, retinal blockage, diabetes retinal disease, rational bleeding."
What's the difference between insulin-dependency diabetes and insulin-dependency diabetes?,"A related disease for diabetes retinal disease: insulin-dependent diabetes, insulin-dependency diabetes, retinal blockage, diabetes retinal disease, rational bleeding."
What role does an ophthalmologist play in treating diabetes retinal disease?,A consult for diabetes retinal disease: ophthalmology
What might be the symptoms of diabetes?,A consult for diabetes retinal disease: ophthalmology
What's the difference between diabetes and diabetes retinal disease?,The equivalent of diabetes retinal disease: diabetes retinal disease.
What is diabetes retinal disease?,"A definition of diabetes retinal disease: diabetes is a disease in which the retina's microtagular blood vessels are damaged, and it is the most frightening of the complications of diabetes, which is high among the causes of blindness in many parts of the world, in 30 years or 90 percent of patients with diabetes, and in the post-15 years, the incidence is about 60 to 70 percent."
What are some of the patients who have diabetes?,"A definition of diabetes retinal disease: diabetes is a disease in which the retina's microtagular blood vessels are damaged, and it is the most frightening of the complications of diabetes, which is high among the causes of blindness in many parts of the world, in 30 years or 90 percent of patients with diabetes, and in the post-15 years, the incidence is about 60 to 70 percent."
What's the cause of diabetes?,The cause of diabetes retinal disease: diabetes. Diabetes is the cause of diabetes.
What does diabetes have to do with a specific retinal circulation disorder?,The cause of diabetes retinal disease: diabetes. Diabetes is the cause of diabetes.
What are the specific symptoms of diabetes retinal disease?,"A specific symptom of pystolic retina disease: Retinatosis can be classified as hyperplasia and schistoretosis. If the retina is non-responsive, it can be classified as hyperplasia, which means that the small blood vessels of the retina are weakened or blocked, and the supply is gradually reduced. This may occur, but if the retina is non-restitant, if the retina is non-restitant, it can be diagnosed with a severe case of ectoretosis. If the retina is non-respirosis, it can be diagnosed with a severe case of ectomatotosis. Thus, if the retina is non-restagicive, there is a severe case of ectomatotosis."
What are the symptoms of diabetes?,"A specific symptom of pystolic retina disease: Retinatosis can be classified as hyperplasia and schistoretosis. If the retina is non-responsive, it can be classified as hyperplasia, which means that the small blood vessels of the retina are weakened or blocked, and the supply is gradually reduced. This may occur, but if the retina is non-restitant, if the retina is non-restitant, it can be diagnosed with a severe case of ectoretosis. If the retina is non-respirosis, it can be diagnosed with a severe case of ectomatotosis. Thus, if the retina is non-restagicive, there is a severe case of ectomatotosis."
What is the most important test for diabetes retinal disease?,Dialystosis of the retina: The L.A.T.T. is the most important test for the L.A.T. for the L.T. e.T.
What information can you check for with the fluorescence endocardiovascular oscillation?,Dialystosis of the retina: The L.A.T.T. is the most important test for the L.A.T. for the L.T. e.T.
What can we do to treat the retinal diabetes?,"Treatment of diabetes retinal disease: In order to treat retinal retinal disease, the removal of the retina needs to be accompanied by absorption of the retina."
What role does photoretropic therapy play in treating diabetes retinal disease?,"Treatment of diabetes retinal disease: In order to treat retinal retinal disease, the removal of the retina needs to be accompanied by absorption of the retina."
How do people with diabetes have to have their eyes examined frequently?,"For the first time diagnosed with diabetes, the first five years of diabetes, since it does not occur in the first five years, the initial eye test will be within five years. In the case of Type II, it may be impossible to know the exact onset of diabetes and the period of diabetes, which may be associated with the onset of diabetes, so that there is no need for diabetes in the first case, and there is no need for it to be tested or to be tested more than one time in the first year, so it is better to have at least one retina attack, and it is better to have at least one test of the retina every three times."
How does diabetes change during pregnancy?,"For the first time diagnosed with diabetes, the first five years of diabetes, since it does not occur in the first five years, the initial eye test will be within five years. In the case of Type II, it may be impossible to know the exact onset of diabetes and the period of diabetes, which may be associated with the onset of diabetes, so that there is no need for diabetes in the first case, and there is no need for it to be tested or to be tested more than one time in the first year, so it is better to have at least one retina attack, and it is better to have at least one test of the retina every three times."
"If you have diabetes, what's going to happen to your vision if you don't have a retinal retina?","A word of caution for diabetes retinal disease: even if a patient has a growth disorder, his vision can be normal if he doesn't have trouble with the central retina, but if he has a growth disease around him, he can always have fatal vision loss due to bleeding or intractable retinal possession. In this case, he needs to be treated with lasers to reduce the risk."
What risk do you have when you have a growth lesion around you?,"A word of caution for diabetes retinal disease: even if a patient has a growth disorder, his vision can be normal if he doesn't have trouble with the central retina, but if he has a growth disease around him, he can always have fatal vision loss due to bleeding or intractable retinal possession. In this case, he needs to be treated with lasers to reduce the risk."
What category does diabetes endocardial disease belong to?,Category of cytoplasm.
What is cytology?,Diabetes at the end of the nervous system
What is the English name for diabetic poliformity?,Diabetic neuropathy:
Are there more symptoms of post-diabetic neuropathy than those of the body?,"Symptoms of cytoplasm: insensibility, hands, foot loss, sore pain, terminal neurosis, depression"
What kind of diabetes does diabetes have to do with celiac disease?,"A related condition for cytoplasm: insulin - dependent diabetes, insulin-dependency diabetes, diabetes - retinal disease, diabetes, and diabetes - atherosclerosis"
What do you see in diabetes late-diapathy?,A medical study for post-diabetic neuropathy: endogenous and endocardial disease.
What's the test for post-diabetic neuropathy?,A medical study for post-diabetic neuropathy: endogenous and endocardial disease.
What are the other names of diabetes late-diapathy?,"The consent of diabetes late - diabetes neurosis: diabetes neuropathy, diabetes at the end of the day, diabetes at the end of the day, and diabetes at the end of the day."
What's pre-diabetic neuropathy?,"The definition of cytology is one of the complications of diabetes, a disease that causes a lot of damage to the nerves during a long period of diabetes, which can occur in all of the nervous systems, but it usually appears in a lot of the terminal nervous system."
What's the cause of diabetes at the end of the nervous system?,"The cause of cytoplasm is that even if you've been under a steady dose of CAD, you may have diabetes terminal disease, depending on how well your blood sugar has been controlled, or how long your diabetes has been."
What are the specific symptoms of post-diabetes?,"The specific symptoms of post-diabetic neurosis: the obvious symptoms of celiac disease are the condition of the foot, loss of sensation, insensitivity, and severe pain, which is when it's hot and low, and when it's soft, it's usually worse at night."
How do you feel about the pain of celiac disease?,"The specific symptoms of post-diabetic neurosis: the obvious symptoms of celiac disease are the condition of the foot, loss of sensation, insensitivity, and severe pain, which is when it's hot and low, and when it's soft, it's usually worse at night."
What's the test for post-diabetic neuropathy?,Dialytic endocardial neuropathy is a common complication for diabetics. Tests are the following:
What's going on with the E.T. and the E.G.?,Dialytic endocardial neuropathy is a common complication for diabetics. Tests are the following:
What's the purpose of a blood test?,Dialytic endocardial neuropathy is a common complication for diabetics. Tests are the following:
What are some of the main factors involved in the treatment of celiac disease?,"The treatment for cytoplasmic endocardial neurosis: diabetes is caused by hyperglycemia; so the primary treatment is to keep your blood sugar in normal range and keep it; but if you're a polycyctic terminally ill, you can keep your blood sugar under control, and in this case you can keep your pain under control."
What's the most important thing for treating diabetes at the end of the nervous system?,"The treatment for cytoplasmic endocardial neurosis: diabetes is caused by hyperglycemia; so the primary treatment is to keep your blood sugar in normal range and keep it; but if you're a polycyctic terminally ill, you can keep your blood sugar under control, and in this case you can keep your pain under control."
What's going on with the cytoplasm of cytoplasm?,"Conclusion of cytoplasmic celiac disease: it's easy to develop an ulcer in your foot when you have diabetes, when your foot is numb and you're under repeated pressure on a particular part of your foot."
What could be the symptoms of post-diabetic neuropathy if your foot had an ulcer?,"Conclusion of cytoplasmic celiac disease: it's easy to develop an ulcer in your foot when you have diabetes, when your foot is numb and you're under repeated pressure on a particular part of your foot."
What care does it take to prevent post-diabetic neuropathy?,Caution: The complications of post-diabetic neuropathy appear to be under control of diabetes for a long time; they can appear anywhere in the body; it's important to keep your blood sugar under control and to undergo regular complications in order to prevent diabetes complications; it's important to stop smoking and control your weight.
Where does diabetes endocardial disease come from?,Caution: The complications of post-diabetic neuropathy appear to be under control of diabetes for a long time; they can appear anywhere in the body; it's important to keep your blood sugar under control and to undergo regular complications in order to prevent diabetes complications; it's important to stop smoking and control your weight.
What's the nature of diabetes in the amniocentesis?,Category for Diabetes Pedophilia: Skin Disease
How do you treat diabetes in the amniocentesis?,Category for Diabetes Pedophilia: Skin Disease
What are some of the complications of diabetes in the amniocentesis?,Category for Diabetes Pedophilia: Skin Disease
What are the symptoms of diabetes in the amniocentesis?,Diabetes Pulmonary Disease
What are the ways that you can prevent diabetes in the amniocentesis?,Diabetes Pulmonary Disease
What's the name of the diabetes problem?,Dialysis for diabetic mpulmonary disease: DM Fotot ulcuser
What's the major symptom of diabetes in the amniocentesis?,"Symptoms of diabetes amniocentesis: skin dry, deformity of toes, skin changes, skin ulcers, necrosis, depression, sensations, and soreness."
What are the symptoms of diabetes in the amniocentesis?,"Diabetes related disease: insulin-dependency diabetes, insulin-dependency diabetes, diabetes retinal disease, diabetes, post-diabetic neurosis"
What kind of disease is diabetes occurring?,"Diabetes related disease: insulin-dependency diabetes, insulin-dependency diabetes, diabetes retinal disease, diabetes, post-diabetic neurosis"
How do you diagnose diabetes in the amniocentesis?,"Dialysis: endocrinology, plastics, vascular surgery, orthopedics."
How do you treat diabetes intestinal disease?,"Dialysis: endocrinology, plastics, vascular surgery, orthopedics."
What are the other names of the diabetes problem?,"The consent of diabetic mpulmonary disease: diabetes rash, diabetic ulcer."
What are some of the symptoms of diabetes amniocentesis?,"Diaborexia is a combination of neurologic diseases in the feet of diabetic patients, structural changes, skin nails, changes in skin and armor, foot ulcers, infections, and blood vessels."
What's the cause of diabetes?,"The cause of diabetes: diabetes can cause poor circulation of the blood, slow resistance to bacterial infections; poor foot resistance to bacterial infections; poor healing and resistance to bacteria; rapid development of mild wounds, which can result in severe complications such as ulcers and sore throats."
What caution do you need to prevent diabetes?,"The cause of diabetes: diabetes can cause poor circulation of the blood, slow resistance to bacterial infections; poor foot resistance to bacterial infections; poor healing and resistance to bacteria; rapid development of mild wounds, which can result in severe complications such as ulcers and sore throats."
What are the specific symptoms of diabetes in the amniocentesis?,"A specific symptom of the diabetes edema: The first symptoms of the celiac disease are a lot of nerve disorders. Early symptoms are a lot of nerve disorders. Each patient feels a lot of pain, a lot of pain, such as walking on sand or marble."
What tests do you need to diagnose the diabetes condition?,"Dialysis of diabetes intestinal disease: Always pay attention to sudden changes in the foot. It is best to look for a hospital when your feet turn red or black, or when you have small changes in your blood supply, such as in your blood supply, in order to evaluate the exact conditions of diabetes, such as blood pressure, radiation, bone scan, and blood flow."
What changes do you need to be careful about when you're diagnosed with diabetes?,"Dialysis of diabetes intestinal disease: Always pay attention to sudden changes in the foot. It is best to look for a hospital when your feet turn red or black, or when you have small changes in your blood supply, such as in your blood supply, in order to evaluate the exact conditions of diabetes, such as blood pressure, radiation, bone scan, and blood flow."
How is the treatment of diabetes intestinal disease divided?,"Treatment of diabetes papillary disease: The treatment of diabetes amniocentesis is a major conservation and surgical procedure. Preservative treatment is a process of dressing to assist in the production of child tissue and blood vessels. If necessary, blood vessels dilater, epigenetic growth, hyperbaric repair of tissue, treatment of hyperbaric oxygen, and so on."
What are some of the ways that we can treat surgery in the treatment of diabetes prosthesis?,"Treatment of diabetes papillary disease: The treatment of diabetes amniocentesis is a major conservation and surgical procedure. Preservative treatment is a process of dressing to assist in the production of child tissue and blood vessels. If necessary, blood vessels dilater, epigenetic growth, hyperbaric repair of tissue, treatment of hyperbaric oxygen, and so on."
What's going on with diabetes?,"Diarrhea patient's feet can move rapidly from mild injuries to severe complications such as ulcers and pain, and they can change shape and break bones as their muscles weaken, and they can decay their toes without any particular cause because of poor blood circulation."
"If your toes rot black, what is the cause?","Diarrhea patient's feet can move rapidly from mild injuries to severe complications such as ulcers and pain, and they can change shape and break bones as their muscles weaken, and they can decay their toes without any particular cause because of poor blood circulation."
What makes you look at your feet every day to prevent diabetes?,"If you are anxious to look at your feet and to keep them warm, don't keep them warm. To keep them warm, don't keep them warm. To keep them warm, don't keep them warm. To keep them warm, don't keep them warm with your foot-tips. In order that you don't keep them warm, don't keep them warm with your foot-t press-tips. 2-day, look at your feet and the color of your feet. If you are afraid to look at them, use the mirror or to help your family. 3 - if you don't need to wash your feet, wash your feet with hot water, don't keep them hot or hot with water. If you want to keep them hot with your feet, don't keep them warm with your feet. Do not want to keep them warm with your foot-st want to keep them warm with your feet."
What should you be careful about when you wash your feet to prevent diabetes?,"If you are anxious to look at your feet and to keep them warm, don't keep them warm. To keep them warm, don't keep them warm. To keep them warm, don't keep them warm. To keep them warm, don't keep them warm with your foot-tips. In order that you don't keep them warm, don't keep them warm with your foot-t press-tips. 2-day, look at your feet and the color of your feet. If you are afraid to look at them, use the mirror or to help your family. 3 - if you don't need to wash your feet, wash your feet with hot water, don't keep them hot or hot with water. If you want to keep them hot with your feet, don't keep them warm with your feet. Do not want to keep them warm with your foot-st want to keep them warm with your feet."
Is cyclic diabetes a part of breast-endocrine disease?,Category for cyclic diabetes: breast - endocrinosis
What is the English name for girls?,"Disease, spiritual civilization of cyclic diabetes:"
What are the symptoms of a woman with pregnancy diabetes?,"Symptoms of cyclic diabetes: lack of energy, homeopathy, high blood sugar, low skin tension"
What are some of the diseases associated with pregnancy diabetes?,"Related diseases of celiac diabetes: low blood sugar, premature births, high blood pressure, autoimmunes, presumptions, birth defects, birth defects, birth - control syndrome"
What's the subject of pregnancy diabetes?,"Diarrhea diabetes: endocrinology, gynecology,"
What's the other name for pregnancy diabetes?,The equivalent of cyclic diabetes:
What is cyclic diabetes?,"Premature pregnancy definition: Celiac diabetes is a disease caused by diabetes already before pregnancy. It is a result of an exaggerated physiological change in the blood vessels. It can be determined by either the first or the second case of a pregnancy. Cyctonic diabetes can be classified as pre-pregnant and post-precise diabetes. In the early stages of pregnancy, there may be damage to the fetus and the fetus. In the early stages of pregnancy, there is no significant difference between abnormality and abnormality."
How can pregnancy diabetes affect the fetus?,"Premature pregnancy definition: Celiac diabetes is a disease caused by diabetes already before pregnancy. It is a result of an exaggerated physiological change in the blood vessels. It can be determined by either the first or the second case of a pregnancy. Cyctonic diabetes can be classified as pre-pregnant and post-precise diabetes. In the early stages of pregnancy, there may be damage to the fetus and the fetus. In the early stages of pregnancy, there is no significant difference between abnormality and abnormality."
What is the cause of pregnancy diabetes?,"The cause of celiac diabetes: the cause of pregnancy diabetes is not known exactly; it is estimated that celiac diabetes is associated with the inhibition of the secretion of insulin, such as placental lactase, cystous hormones, and the action of the anti-resistant enzyme."
What happens to insulin in a pregnant woman's pancreas?,"The cause of celiac diabetes: the cause of pregnancy diabetes is not known exactly; it is estimated that celiac diabetes is associated with the inhibition of the secretion of insulin, such as placental lactase, cystous hormones, and the action of the anti-resistant enzyme."
What are the specific symptoms of pregnancy diabetes?,"The specific symptoms of pregnancy diabetes: most of them don't show any symptoms, they often show symptoms of fatigue and weakness, and they also have pregnancy high blood pressure."
How does a diagnosis of cyclic diabetes take place?,"The diagnosis of cyclic diabetes: cyclic diabetes is diagnosed as an oral substrate. A pregnant woman who is likely to be pregnant for the first time will perform a birth control test. An unpredictably pregnant woman will do a screening test for 50 grams of epidemiology within 24 to 28 weeks of pregnancy. If diabetes is in doubt, she may be diagnosed with cyclical diabetes."
When do you have to be tested for pregnancy diabetes?,"The diagnosis of cyclic diabetes: cyclic diabetes is diagnosed as an oral substrate. A pregnant woman who is likely to be pregnant for the first time will perform a birth control test. An unpredictably pregnant woman will do a screening test for 50 grams of epidemiology within 24 to 28 weeks of pregnancy. If diabetes is in doubt, she may be diagnosed with cyclical diabetes."
What are some of the main methods of treating cyclic diabetes?,"Treatment of celiac diabetes: Diet, exercise, insulin, and so forth, to control blood sugar. It is recommended to consult with the experts to determine how and how to determine how and how well. You need to monitor the fetus and evaluate its maturity. After delivery you have to focus on the newborn. The target blood sugar is less than 95 mg/dL, 140 mg/dL, or less than 120 mg/dl, after 1 hour, after 2ml, after 2ml, after which the blood sugar is not recommended. This is not recommended if it is not recommended for insulin."
What's the target blood sugar level during treatment of cyclic diabetes?,"Treatment of celiac diabetes: Diet, exercise, insulin, and so forth, to control blood sugar. It is recommended to consult with the experts to determine how and how to determine how and how well. You need to monitor the fetus and evaluate its maturity. After delivery you have to focus on the newborn. The target blood sugar is less than 95 mg/dL, 140 mg/dL, or less than 120 mg/dl, after 1 hour, after 2ml, after 2ml, after which the blood sugar is not recommended. This is not recommended if it is not recommended for insulin."
What's going on with cyclic diabetes?,"If the blood sugar is not controlled, it is reported to increase the frequency of fatal deaths in the developing fetus four to eight weeks before delivery. High blood pressure and massive births can increase the frequency of cesareans."
What does a diet of cyclic diabetes include?,Diet for cyclic diabetes: cyclic diabetes
Why does insulin-dependent diabetes belong to a category of breast-endocrinosis?,Insulin Dependent Diabetes Category: Breast - Endocrinosis
What are some of the specific symptoms of insulin-dependency diabetes that are associated with breast-endocystic categories?,Insulin Dependent Diabetes Category: Breast - Endocrinosis
What is insulin dependent diabetes?,Insulin Dependent Diabetes
What's the main symptom of insulin-dependency diabetes?,Insulin Dependent Diabetes
What is the major treatment for insulin-dependency diabetes?,Insulin Dependent Diabetes
What is the English name for insulin-dependent models?,"Insulin-dependant diabetes, spiritual civilization:"
What are the major symptoms of insulin-dependency diabetes?,"The symptoms of insulin - dependent diabetes: high blood sugar, abdominal pain, weight loss, fatigue, anorexia, vomiting, diabetes, and, of course, bulimia."
What's the relationship between insulin-dependent diabetes and pre-diabetes?,"Insulin dependent diabetes related to: insulin-dependent diabetes, diabetes - retinal disease, diabetes, diabetes, amniocentesis,"
What's the connection between insulin-dependent diabetes and diabetes-diabetes?,"Insulin dependent diabetes related to: insulin-dependent diabetes, diabetes - retinal disease, diabetes, diabetes, amniocentesis,"
What's the difference between insulin dependent diabetes and pregnancy diabetes?,"Insulin dependent diabetes related to: insulin-dependent diabetes, diabetes - retinal disease, diabetes, diabetes, amniocentesis,"
What role does a family doctor play in treating insulin-dependency diabetes?,"The Department of Insulin Dependent Diabetes: family medicine, health care, endocrinology, ophthalmology, paraplegic metabolism,"
In what case do you have insulin-dependent diabetes with a small wife gland?,"The Department of Insulin Dependent Diabetes: family medicine, health care, endocrinology, ophthalmology, paraplegic metabolism,"
What kind of diabetes is insulin dependent diabetes?,"The equivalent of insulin - dependent diabetes: Type 1 diabetes mellitus, child diabetes, Type 1 diabetes"
What is insulin-dependent diabetes?,"A definition of insulin-dependent diabetes: a person's body takes in food and automatically produces the right insulin from the pancreas, depending on the amount of glucose that comes into the cell. However, people who have diabetes in the pancreas are destroyed and unable to produce insulin properly. Thus, diabetes in the pancreas does not produce insulin, which means that it does not produce insulin. This means that it does not produce diabetes in the pancreas, which results in glucose."
What's the main cause of insulin-dependency diabetes?,"The cause of insulin-dependent diabetes: Type 1 diabetes, which occurs mostly in a child, is small compared to type 2 diabetes, but genetic factors are involved, when a genetic factor in Type I diabetes is applied to a person who has an environmental factor (such as viral infection, stress, etc.) that begins to recognize and destroy beta cells that produce insulin in his pancreas."
What are the earliest symptoms of insulin-dependency diabetes?,"The specific symptoms of insulin-dependency diabetes: the earliest symptoms of insulin-dependent diabetes are bulimia, which occurs when blood sugar exceeds 180 mg/dl is not re-responsive to the body and is excreted by urine."
"What's the reason why the higher the blood sugar, the higher the urine?","The specific symptoms of insulin-dependency diabetes: the earliest symptoms of insulin-dependent diabetes are bulimia, which occurs when blood sugar exceeds 180 mg/dl is not re-responsive to the body and is excreted by urine."
Why does insulin-dependent diabetes cause fatigue and weight loss?,"The specific symptoms of insulin-dependency diabetes: the earliest symptoms of insulin-dependent diabetes are bulimia, which occurs when blood sugar exceeds 180 mg/dl is not re-responsive to the body and is excreted by urine."
What are the major symptoms for the diagnosis of insulin-dependency diabetes?,The diagnosis of insulin-dependive diabetes: blood sugar is administered to diagnose insulin-depending diabetes.
What blood sugar test is used to diagnose insulin-dependent diabetes?,The diagnosis of insulin-dependive diabetes: blood sugar is administered to diagnose insulin-depending diabetes.
Is the treatment of insulin-dependent diabetes completely treatable?,"In the treatment of insulin-dependent diabetes: Diabetes does not work out exercise, even after diagnosis. It is a disease that needs to be kept under control."
Why is diet important for childhood diabetes?,"In the treatment of insulin-dependent diabetes: Diabetes does not work out exercise, even after diagnosis. It is a disease that needs to be kept under control."
"If you're using insulin, what do you do before and after exercise?","In the treatment of insulin-dependent diabetes: Diabetes does not work out exercise, even after diagnosis. It is a disease that needs to be kept under control."
What are some of the major complications of insulin-dependent diabetes?,"There are acute metabolic complications such as diabetes, diabetes, hyperplasia, hypertonic water, lactate, and low blood sugar, from complications associated with chronic blood vessels."
What are the blood vessels-related complications that usually occur in the periphery of insulin-dependency diabetes?,"There are acute metabolic complications such as diabetes, diabetes, hyperplasia, hypertonic water, lactate, and low blood sugar, from complications associated with chronic blood vessels."
What makes insulin-dependent diabetes a part of breast-endocrine disease?,The category of insulin-dependency diabetes: breast - endocrinosis
How is insulin-dependent diabetes in breast-endocrine disease different from other diabetes?,The category of insulin-dependency diabetes: breast - endocrinosis
What is insulin-dependency diabetes?,Insulin Dependent Diabetes
What are the symptoms of insulin-dependency diabetes?,Insulin Dependent Diabetes
What's the main treatment for controlling insulin-dependency diabetes?,Insulin Dependent Diabetes
What is the English name for non-insulin content models?,"No-insulin dependent diabetes, spiritual civilization: non-independent diabetes"
What are the symptoms of insulin-dependency diabetes?,"Insulin-dependent diabetes symptoms: hyperglycemia, sensitism, thirst, salivation, diabetes, fever, then, bulimia."
"What are the symptoms of diabetes, one of the diseases associated with insulin-dependency diabetes?","Insulin - dependent diabetes related to: insulin - dependent diabetes, diabetes - retinal disease, diabetes, hypoglycemic diabetes, cytoplasm, cynic diabetes,"
What are the symptoms of diabetes in the case of insulin-dependency diabetes?,"Insulin - dependent diabetes related to: insulin - dependent diabetes, diabetes - retinal disease, diabetes, hypoglycemic diabetes, cytoplasm, cynic diabetes,"
What's going on in the family medicine department that's dealing with insulin-dependency diabetes?,"The Department of Insulin Dependent Diabetes: family medicine, health care, endocrinology, cytoplasmic surgery."
What kind of treatment does the medical department provide for insulin-dependency diabetics?,"The Department of Insulin Dependent Diabetes: family medicine, health care, endocrinology, cytoplasmic surgery."
How do you diagnose and treat insulin-dependency diabetes in endocrinology?,"The Department of Insulin Dependent Diabetes: family medicine, health care, endocrinology, cytoplasmic surgery."
When does a new pancreas treat an insulin-dependent diabetic?,"The Department of Insulin Dependent Diabetes: family medicine, health care, endocrinology, cytoplasmic surgery."
What are the other names of insulin-dependency diabetes?,"Insulin-dependant diabetes: Type 2 adelebetttous, Adult Diabetes, Type 2 diabetes"
What is insulin-dependency diabetes?,"The definition of insulin non-dependent diabetes: diabetes is a disease named for excretion of glucose into urine; normal people, it's controlled in such a narrow range that they don't have enough sugar."
What's the difference between insulin-dependent diabetes and insulin-dependency diabetes?,"The definition of insulin non-dependent diabetes: diabetes is a disease named for excretion of glucose into urine; normal people, it's controlled in such a narrow range that they don't have enough sugar."
What is the cause of insulin-dependency diabetes?,"The cause of insulin non-dependent diabetes: heredity and environment play an important role in the onset of diabetes, which means that when a parent inherits an easy-to-be genetic makeup, it can lead to diabetes, but if you can find an ideal for diabetes, it's only one percent less likely that it is caused by diabetes."
What are some of the environmental factors that cause diabetes that you can control?,"The cause of insulin non-dependent diabetes: heredity and environment play an important role in the onset of diabetes, which means that when a parent inherits an easy-to-be genetic makeup, it can lead to diabetes, but if you can find an ideal for diabetes, it's only one percent less likely that it is caused by diabetes."
What is the most representative symptom of insulin-dependency diabetes?,"The specific symptoms of insulin non-dependent diabetes: when you have diabetes, you get glucose out of your urine, because it's dragging water together, and you get a lot of blood sugar, and you get a lot of blood loss because it's not used in your body, and you lose weight even though you're eating well."
What's the reason for the thirst caused by insulin-dependency diabetes?,"The specific symptoms of insulin non-dependent diabetes: when you have diabetes, you get glucose out of your urine, because it's dragging water together, and you get a lot of blood sugar, and you get a lot of blood loss because it's not used in your body, and you lose weight even though you're eating well."
What happens to the diagnosis of insulin-dependency diabetes?,"The diagnosis of insulin-depending diabetes:\' Diabetes is diagnosed by measuring blood sugar by measuring blood sugar. It is not a bloodletting test at the fingertips; it is a bloodletting test to cool the blood loaf, to measure glucose concentrations only in the upper layer, which can be performed in the past, but can be diagnosed with negative diabetes, and can be diagnosed with abnormality in the case of diabetes in the case of diabetes, which can be diagnosed more than 2% of the blood sugars, or more than 2% of the blood sugars, but more than 2% of the blood sugars per second."
Why is the u.T. undiagnosed?,"The diagnosis of insulin-depending diabetes:\' Diabetes is diagnosed by measuring blood sugar by measuring blood sugar. It is not a bloodletting test at the fingertips; it is a bloodletting test to cool the blood loaf, to measure glucose concentrations only in the upper layer, which can be performed in the past, but can be diagnosed with negative diabetes, and can be diagnosed with abnormality in the case of diabetes in the case of diabetes, which can be diagnosed more than 2% of the blood sugars, or more than 2% of the blood sugars, but more than 2% of the blood sugars per second."
How do you treat insulin-dependency diabetes?,"The treatment for insulin non-dependent diabetes: high blood sugar is caused by a temporary increase in blood sugar, such as drug use, severe stress, and so forth, and it's normal to remove this cause, and it's often not cured if you're diagnosed with diabetes without this temporary cause."
What are some of the major complications of insulin-dependency diabetes?,"There are acute metabolic complications such as diabetic ketonic acid disease, hypertonic suffocation, acidic acidosis, low blood sugar, and other complications associated with chronic blood vessels."
What are some of the multiple complications that occur in the periphery of insulin-dependency diabetes?,"There are acute metabolic complications such as diabetic ketonic acid disease, hypertonic suffocation, acidic acidosis, low blood sugar, and other complications associated with chronic blood vessels."
What is the caution of insulin-dependency diabetes?,"A number of large-scale studies have shown that a thorough blood - sugar control can prevent or prevent the complications of diabetes in blood vessels, such as retinas, kidneys, and nerves, but the complications of blood vessels and blood vessels that occur in the brain have less effect on blood - blood pressure, higher blood pressure."
What's the reason for diabetes retinal disease in breast-endocrinosis?,Category of diabetes retinal disease: breast - endocrinosis
What is the endology name for diabetes retinal disease?,Diabetic revolution of diabetes retinal disease:
What are the major symptoms of diabetes retinal disease?,"Symptoms of diabetes retinal disease: loss of vision, uterine eclipsis, precipitation of things, rabies, blindness, epidemiology."
What's the main cause of diabetes retinal disease?,"A related disease for diabetes retinal disease: insulin-dependent diabetes, insulin-dependency diabetes, retinal blockage, diabetes retinal disease, rational bleeding."
What do you see in a patient with diabetes retinal disease?,"A related disease for diabetes retinal disease: insulin-dependent diabetes, insulin-dependency diabetes, retinal blockage, diabetes retinal disease, rational bleeding."
What's the connection between retinal blockage and diabetes retinal disease?,"A related disease for diabetes retinal disease: insulin-dependent diabetes, insulin-dependency diabetes, retinal blockage, diabetes retinal disease, rational bleeding."
"Do you need to visit other specialists, other than ophthalmologists, when you're dealing with diabetes retinal disease?",A consult for diabetes retinal disease: ophthalmology
What tests do you need to treat diabetes retinal disease?,A consult for diabetes retinal disease: ophthalmology
Should I go straight to the ophthalmologist's eye when I have symptoms of diabetes?,A consult for diabetes retinal disease: ophthalmology
What is diabetes?,The equivalent of diabetes retinal disease: diabetes retinal disease.
What's the difference between diabetes and diabetes retinal disease?,The equivalent of diabetes retinal disease: diabetes retinal disease.
What is diabetes retinal disease?,"A definition of diabetes retinal disease: diabetes is a disease in which the retina's microtagular blood vessels are damaged, and it is the most frightening of the complications of diabetes, which is high among the causes of blindness in many parts of the world, in 30 years or 90 percent of patients with diabetes, and in the post-15 years, the incidence is about 60 to 70 percent."
What are some of the patients who have diabetes?,"A definition of diabetes retinal disease: diabetes is a disease in which the retina's microtagular blood vessels are damaged, and it is the most frightening of the complications of diabetes, which is high among the causes of blindness in many parts of the world, in 30 years or 90 percent of patients with diabetes, and in the post-15 years, the incidence is about 60 to 70 percent."
What's the main cause of diabetes retinal disease?,The cause of diabetes retinal disease: diabetes. Diabetes is the cause of diabetes.
What happens to diabetes?,The cause of diabetes retinal disease: diabetes. Diabetes is the cause of diabetes.
What are the specific symptoms of diabetes retinal disease?,"A specific symptom of pystolic retina disease: Retinatosis can be classified as hyperplasia and schistoretosis. If the retina is non-responsive, it can be classified as hyperplasia, which means that the small blood vessels of the retina are weakened or blocked, and the supply is gradually reduced. This may occur, but if the retina is non-restitant, if the retina is non-restitant, it can be diagnosed with a severe case of ectoretosis. If the retina is non-respirosis, it can be diagnosed with a severe case of ectomatotosis. Thus, if the retina is non-restagicive, there is a severe case of ectomatotosis."
What are some of the problems of vision that occur when there's a lot of diabetes on the retina?,"A specific symptom of pystolic retina disease: Retinatosis can be classified as hyperplasia and schistoretosis. If the retina is non-responsive, it can be classified as hyperplasia, which means that the small blood vessels of the retina are weakened or blocked, and the supply is gradually reduced. This may occur, but if the retina is non-restitant, if the retina is non-restitant, it can be diagnosed with a severe case of ectoretosis. If the retina is non-respirosis, it can be diagnosed with a severe case of ectomatotosis. Thus, if the retina is non-restagicive, there is a severe case of ectomatotosis."
What is the most important test for diabetes retinal disease?,Dialystosis of the retina: The L.A.T.T. is the most important test for the L.A.T. for the L.T. e.T.
What's the role of the endocardial angiosclerosis test for diabetes?,Dialystosis of the retina: The L.A.T.T. is the most important test for the L.A.T. for the L.T. e.T.
How do you treat diabetes retinal disease?,"Treatment of diabetes retinal disease: In order to treat retinal retinal disease, the removal of the retina needs to be accompanied by absorption of the retina."
What is it that keeps your blood sugar under strict control to treat diabetes retinal disease?,"Treatment of diabetes retinal disease: In order to treat retinal retinal disease, the removal of the retina needs to be accompanied by absorption of the retina."
What kind of time period do I have to have an eye test to track the peritoneal case of diabetes?,"For the first time diagnosed with diabetes, the first five years of diabetes, since it does not occur in the first five years, the initial eye test will be within five years. In the case of Type II, it may be impossible to know the exact onset of diabetes and the period of diabetes, which may be associated with the onset of diabetes, so that there is no need for diabetes in the first case, and there is no need for it to be tested or to be tested more than one time in the first year, so it is better to have at least one retina attack, and it is better to have at least one test of the retina every three times."
"If diabetes is accompanied by retinal disease, what is the reason why you have to have an eye test?","For the first time diagnosed with diabetes, the first five years of diabetes, since it does not occur in the first five years, the initial eye test will be within five years. In the case of Type II, it may be impossible to know the exact onset of diabetes and the period of diabetes, which may be associated with the onset of diabetes, so that there is no need for diabetes in the first case, and there is no need for it to be tested or to be tested more than one time in the first year, so it is better to have at least one retina attack, and it is better to have at least one test of the retina every three times."
"Why is it that when you have diabetes, your vision might be normal?","A word of caution for diabetes retinal disease: even if a patient has a growth disorder, his vision can be normal if he doesn't have trouble with the central retina, but if he has a growth disease around him, he can always have fatal vision loss due to bleeding or intractable retinal possession. In this case, he needs to be treated with lasers to reduce the risk."
What's the situation where you can lose your vision at any time because of a bleed or a retinal retina?,"A word of caution for diabetes retinal disease: even if a patient has a growth disorder, his vision can be normal if he doesn't have trouble with the central retina, but if he has a growth disease around him, he can always have fatal vision loss due to bleeding or intractable retinal possession. In this case, he needs to be treated with lasers to reduce the risk."
What does it mean to have diabetes in breast-endocrinosis?,Category for Diabetes: Breast - Endometriosis
How do you explain the link between breast-endocyst disease and diabetes?,Category for Diabetes: Breast - Endometriosis
What is the English name for the rise notices?,Diabees mortius:
What are the major symptoms of diabetes?,"Symptoms of diabetes: hyperglycemia, senility, weight loss, fatigue, blindness, diabetes, fever, and lots of diet."
Which of the most common diabetes-related diseases occurs?,"Diabetes related: insulin-dependent diabetes, insulin-dependency diabetes, diabetes - retinal disease, diabetesmyelitis, obesity, pregnancy, postdiapathy"
What do you see in diabetes late-diapathy?,"Diabetes related: insulin-dependent diabetes, insulin-dependency diabetes, diabetes - retinal disease, diabetesmyelitis, obesity, pregnancy, postdiapathy"
How is insulin-dependent diabetes different from insulin-dependency diabetes?,"Diabetes related: insulin-dependent diabetes, insulin-dependency diabetes, diabetes - retinal disease, diabetesmyelitis, obesity, pregnancy, postdiapathy"
What role does domestic medicine play in treating diabetes?,"For diabetes: family medicine, endocrinology, old age, and ophthalmology."
"The endocrinologist who's dealing with diabetes, what does he do to diagnose it?","For diabetes: family medicine, endocrinology, old age, and ophthalmology."
What does an old-school physician who's dealing with diabetes look at?,"For diabetes: family medicine, endocrinology, old age, and ophthalmology."
What special treatment can a new pancreatic surgeon who's dealing with diabetes do?,"For diabetes: family medicine, endocrinology, old age, and ophthalmology."
Does diabetes and diabetes mean the same thing?,The equivalent of diabetes: diabetes.
Why is diabetes called urine-generated glucose?,"Diabetes is defined as a disease that has been named for excretion of glucose as urine. In normal people, blood sugar is regulated to such an extent that it won't overflow with urine."
Which of the genetic and environmental factors does diabetes have a greater impact?,"The cause of diabetes: genetics and environment play an important role in diabetes, which means that diabetes can occur when a person inherits an easy genetic trait from his parents and is exposed to an environment that can lead to diabetes, but in most diabetes, the cause is less than 1% of all diabetes."
What are some environmental factors that can cause diabetes?,"The cause of diabetes: genetics and environment play an important role in diabetes, which means that diabetes can occur when a person inherits an easy genetic trait from his parents and is exposed to an environment that can lead to diabetes, but in most diabetes, the cause is less than 1% of all diabetes."
What are the symptoms of diabetes?,"The specific symptoms of diabetes: when you have diabetes, glucose is released from your urine, which is because you drag it out with water, which results in a severe loss of moisture in your body. It also causes you to feel fatigue because nutrients are not used by your body, and you lose weight despite eating well."
Why does a diabetic feel so sick?,"The specific symptoms of diabetes: when you have diabetes, glucose is released from your urine, which is because you drag it out with water, which results in a severe loss of moisture in your body. It also causes you to feel fatigue because nutrients are not used by your body, and you lose weight despite eating well."
What's the main way to diagnose diabetes?,"Diabetes is diagnosed by measuring blood sugar by measuring blood sugar. Blood sugar is not a bloodletting test at the end of your fingers; it is a bloodlettation test that will cool down your blood vessels, separate the plasma content of your upper layer, and measure the glucose concentrations, which may be negative, but may be non-diabetic, in the present case of diabetes. This is the most widely diagnosed condition for diabetes in the past, and is more likely to be diagnosed as an acute case of diabetes in the past, but is the most severe case of diabetes in the past."
What's the reason why you have to do repeated tests to diagnose diabetes?,"Diabetes is diagnosed by measuring blood sugar by measuring blood sugar. Blood sugar is not a bloodletting test at the end of your fingers; it is a bloodlettation test that will cool down your blood vessels, separate the plasma content of your upper layer, and measure the glucose concentrations, which may be negative, but may be non-diabetic, in the present case of diabetes. This is the most widely diagnosed condition for diabetes in the past, and is more likely to be diagnosed as an acute case of diabetes in the past, but is the most severe case of diabetes in the past."
What are some ways of treating diabetes?,"Treatment for diabetes: There is diet, exercise, and drug treatment for diabetes. Light diabetes can be treated effectively by diet and motor therapy alone. When diet and motor therapy alone do not provide satisfactory blood sugar control, you have to add drug therapy."
In what case do you need medication?,"Treatment for diabetes: There is diet, exercise, and drug treatment for diabetes. Light diabetes can be treated effectively by diet and motor therapy alone. When diet and motor therapy alone do not provide satisfactory blood sugar control, you have to add drug therapy."
What are some of the complications of diabetes?,"The complications of diabetes: there are acute and chronic complications in the blood vessels. The acute metabolic complications occur when the blood sugar rises or falls, and if it is not properly treated it can be fatal."
What are some of the symptoms of the retinal complications of diabetes?,"The complications of diabetes: there are acute and chronic complications in the blood vessels. The acute metabolic complications occur when the blood sugar rises or falls, and if it is not properly treated it can be fatal."
What are the environmental factors we need to avoid in order to prevent diabetes?,"The caution of diabetes: to prevent diabetes, it's best to avoid diabetes in the environment that can cause diabetes, such as obesity, sedentary diet, high fat diet, stress, drinking, and so forth."
Who needs a blood sugar test every year to diagnose diabetes early?,"The caution of diabetes: to prevent diabetes, it's best to avoid diabetes in the environment that can cause diabetes, such as obesity, sedentary diet, high fat diet, stress, drinking, and so forth."
What should a diabetic be careful about when he eats?,Diet for Diabetes: Diabetes
How do you get carbohydrates when a diabetic eats?,Diet for Diabetes: Diabetes
What's the reason for the cytology of diabetes in breast-endocrinosis?,Category of diabetes terminal neurosis: breast - endocrinosis
What is cytology?,Diabetes at the end of the nervous system
What is the English name for diabetic poliformity?,Diabetic neuropathy:
What's the major symptom of post-diabetic neuropathy?,"Symptoms of cytoplasm: insensibility, hands, foot loss, sore pain, terminal neurosis, depression"
What are some of the conditions that diabetes is associated with?,"A related condition for cytoplasm: insulin - dependent diabetes, insulin-dependency diabetes, diabetes - retinal disease, diabetes, and diabetes - atherosclerosis"
What are the major symptoms of post-diabetic neurosis?,A medical study for post-diabetic neuropathy: endogenous and endocardial disease.
What diagnostics do you need when you're dealing with post-diabetic neurosis?,A medical study for post-diabetic neuropathy: endogenous and endocardial disease.
What else is there about diabetes late-diapathy?,"The consent of diabetes late - diabetes neurosis: diabetes neuropathy, diabetes at the end of the day, diabetes at the end of the day, and diabetes at the end of the day."
What's the condition of post-diabetic neuropathy?,"The definition of cytology is one of the complications of diabetes, a disease that causes a lot of damage to the nerves during a long period of diabetes, which can occur in all of the nervous systems, but it usually appears in a lot of the terminal nervous system."
What's the cause of diabetes at the end of the nervous system?,"The cause of cytoplasm is that even if you've been under a steady dose of CAD, you may have diabetes terminal disease, depending on how well your blood sugar has been controlled, or how long your diabetes has been."
What are the specific symptoms of post-diabetes?,"The specific symptoms of post-diabetic neurosis: the obvious symptoms of celiac disease are the condition of the foot, loss of sensation, insensitivity, and severe pain, which is when it's hot and low, and when it's soft, it's usually worse at night."
What happens to the diagnosis of post-diabetic neuropathy?,Dialytic endocardial neuropathy is a common complication for diabetics. Tests are the following:
What should be the focus of the treatment of diabetes at the end of the nervous system?,"The treatment for cytoplasmic endocardial neurosis: diabetes is caused by hyperglycemia; so the primary treatment is to keep your blood sugar in normal range and keep it; but if you're a polycyctic terminally ill, you can keep your blood sugar under control, and in this case you can keep your pain under control."
"If your blood sugar is controlled and the pain continues to show up, what drugs can you control it?","The treatment for cytoplasmic endocardial neurosis: diabetes is caused by hyperglycemia; so the primary treatment is to keep your blood sugar in normal range and keep it; but if you're a polycyctic terminally ill, you can keep your blood sugar under control, and in this case you can keep your pain under control."
What is the habit that you have to avoid in treating post-diabetic neuropathy?,"The treatment for cytoplasmic endocardial neurosis: diabetes is caused by hyperglycemia; so the primary treatment is to keep your blood sugar in normal range and keep it; but if you're a polycyctic terminally ill, you can keep your blood sugar under control, and in this case you can keep your pain under control."
What's going on with the cytoplasm of cytoplasm?,"Conclusion of cytoplasmic celiac disease: it's easy to develop an ulcer in your foot when you have diabetes, when your foot is numb and you're under repeated pressure on a particular part of your foot."
What are the symptoms of post-diabetic neuropathy?,"Conclusion of cytoplasmic celiac disease: it's easy to develop an ulcer in your foot when you have diabetes, when your foot is numb and you're under repeated pressure on a particular part of your foot."
What's the caution of post-diabetic neuropathy?,"Caution: When you have diabetes terminal neurosis, you can easily develop an ulcer in your foot, and you can't feel the continuous pressure on a particular part of your foot because of the dulling of your foot."
Why is it easy for someone with diabetes terminal neurosis to develop an ulcer in his foot?,"Caution: When you have diabetes terminal neurosis, you can easily develop an ulcer in your foot, and you can't feel the continuous pressure on a particular part of your foot because of the dulling of your foot."
How do you make up the diet of a diabetic endocardial disease?,Diet for celiac neurosis: diabetic absorption
What kind of food should a diabetic endocarditis patient be especially careful about?,Diet for celiac neurosis: diabetic absorption
Is diabetes a form of endocrinosis?,Category for Diabetes Pulmonary Diseases: Breast - Endocystosis
What are the symptoms of diabetes in the amniocentesis?,Diabetes Pulmonary Disease
What is the diagnosis of diabetes in the amniocentesis?,Diabetes Pulmonary Disease
What is the English name for abysmal foot artists?,Dialysis for diabetic mpulmonary disease: DM Fotot ulcuser
What are some of the symptoms of diabetes in the amniocentesis?,"Symptoms of diabetes amniocentesis: skin dry, deformity of toes, skin changes, skin ulcers, necrosis, depression, sensations, and soreness."
What are the symptoms of diabetes in the amniocentesis?,"Diabetes related disease: insulin-dependency diabetes, insulin-dependency diabetes, diabetes retinal disease, diabetes, post-diabetic neurosis"
How are insulin-dependent diabetes and diabetes-diabetes related?,"Diabetes related disease: insulin-dependency diabetes, insulin-dependency diabetes, diabetes retinal disease, diabetes, post-diabetic neurosis"
What is the most common case of diabetes in the family?,"Diabetes related disease: insulin-dependency diabetes, insulin-dependency diabetes, diabetes retinal disease, diabetes, post-diabetic neurosis"
What's the main role of endocrinology in treating diabetes amniocentesis?,"Dialysis: endocrinology, plastics, vascular surgery, orthopedics."
What's the role of plastics to treat diabetes atherosclerosis?,"Dialysis: endocrinology, plastics, vascular surgery, orthopedics."
What are the symptoms of diabetes in the amniocentesis?,"The consent of diabetic mpulmonary disease: diabetes rash, diabetic ulcer."
What can we do to prevent diabetes?,"The consent of diabetic mpulmonary disease: diabetes rash, diabetic ulcer."
What's going on with diabetes?,"The consent of diabetic mpulmonary disease: diabetes rash, diabetic ulcer."
What are the symptoms of diabetes in the amniocentesis?,"Diaborexia is a combination of neurologic diseases in the feet of diabetic patients, structural changes, skin nails, changes in skin and armor, foot ulcers, infections, and blood vessels."
What's going to happen in the course of the diabetes problem?,"Diaborexia is a combination of neurologic diseases in the feet of diabetic patients, structural changes, skin nails, changes in skin and armor, foot ulcers, infections, and blood vessels."
What's the cause of diabetes?,"The cause of diabetes: diabetes can cause poor circulation of the blood, slow resistance to bacterial infections; poor foot resistance to bacterial infections; poor healing and resistance to bacteria; rapid development of mild wounds, which can result in severe complications such as ulcers and sore throats."
What are the conditions that increase the risk of diabetes intestinal disease?,"The cause of diabetes: diabetes can cause poor circulation of the blood, slow resistance to bacterial infections; poor foot resistance to bacterial infections; poor healing and resistance to bacteria; rapid development of mild wounds, which can result in severe complications such as ulcers and sore throats."
What kind of injuries can cause diabetes intestinal disease?,"The cause of diabetes: diabetes can cause poor circulation of the blood, slow resistance to bacterial infections; poor foot resistance to bacterial infections; poor healing and resistance to bacteria; rapid development of mild wounds, which can result in severe complications such as ulcers and sore throats."
What are the specific symptoms of diabetes in the amniocentesis?,"A specific symptom of the diabetes edema: The first symptoms of the celiac disease are a lot of nerve disorders. Early symptoms are a lot of nerve disorders. Each patient feels a lot of pain, a lot of pain, such as walking on sand or marble."
What is the diagnosis of diabetes in the amniocentesis?,"Dialysis of diabetes intestinal disease: Always pay attention to sudden changes in the foot. It is best to look for a hospital when your feet turn red or black, or when you have small changes in your blood supply, such as in your blood supply, in order to evaluate the exact conditions of diabetes, such as blood pressure, radiation, bone scan, and blood flow."
What symptoms do you have to be careful about for the diagnosis of diabetes intestinal disease?,"Dialysis of diabetes intestinal disease: Always pay attention to sudden changes in the foot. It is best to look for a hospital when your feet turn red or black, or when you have small changes in your blood supply, such as in your blood supply, in order to evaluate the exact conditions of diabetes, such as blood pressure, radiation, bone scan, and blood flow."
What's the cure for diabetes in the amniocentesis?,"Treatment of diabetes papillary disease: The treatment of diabetes amniocentesis is a major conservation and surgical procedure. Preservative treatment is a process of dressing to assist in the production of child tissue and blood vessels. If necessary, blood vessels dilater, epigenetic growth, hyperbaric repair of tissue, treatment of hyperbaric oxygen, and so on."
What kind of surgery can be used in treating diabetes occurring?,"Treatment of diabetes papillary disease: The treatment of diabetes amniocentesis is a major conservation and surgical procedure. Preservative treatment is a process of dressing to assist in the production of child tissue and blood vessels. If necessary, blood vessels dilater, epigenetic growth, hyperbaric repair of tissue, treatment of hyperbaric oxygen, and so on."
What's going on with diabetes?,"Diarrhea patient's feet can move rapidly from mild injuries to severe complications such as ulcers and pain, and they can change shape and break bones as their muscles weaken, and they can decay their toes without any particular cause because of poor blood circulation."
What are some of the serious complications of the diabetes problem?,"Diarrhea patient's feet can move rapidly from mild injuries to severe complications such as ulcers and pain, and they can change shape and break bones as their muscles weaken, and they can decay their toes without any particular cause because of poor blood circulation."
What is one of the ways that you can prevent diabetes in the amniocentesis?,"If you are anxious to look at your feet and to keep them warm, don't keep them warm. To keep them warm, don't keep them warm. To keep them warm, don't keep them warm. To keep them warm, don't keep them warm with your foot-tips. In order that you don't keep them warm, don't keep them warm with your foot-t press-tips. 2-day, look at your feet and the color of your feet. If you are afraid to look at them, use the mirror or to help your family. 3 - if you don't need to wash your feet, wash your feet with hot water, don't keep them hot or hot with water. If you want to keep them hot with your feet, don't keep them warm with your feet. Do not want to keep them warm with your foot-st want to keep them warm with your feet."
Why are you watching your feet every day to prevent diabetes?,"If you are anxious to look at your feet and to keep them warm, don't keep them warm. To keep them warm, don't keep them warm. To keep them warm, don't keep them warm. To keep them warm, don't keep them warm with your foot-tips. In order that you don't keep them warm, don't keep them warm with your foot-t press-tips. 2-day, look at your feet and the color of your feet. If you are afraid to look at them, use the mirror or to help your family. 3 - if you don't need to wash your feet, wash your feet with hot water, don't keep them hot or hot with water. If you want to keep them hot with your feet, don't keep them warm with your feet. Do not want to keep them warm with your foot-st want to keep them warm with your feet."
Explain to me how to wash your feet every day to prevent diabetes.,"If you are anxious to look at your feet and to keep them warm, don't keep them warm. To keep them warm, don't keep them warm. To keep them warm, don't keep them warm. To keep them warm, don't keep them warm with your foot-tips. In order that you don't keep them warm, don't keep them warm with your foot-t press-tips. 2-day, look at your feet and the color of your feet. If you are afraid to look at them, use the mirror or to help your family. 3 - if you don't need to wash your feet, wash your feet with hot water, don't keep them hot or hot with water. If you want to keep them hot with your feet, don't keep them warm with your feet. Do not want to keep them warm with your foot-st want to keep them warm with your feet."
What's the way to fix your toenails so as not to prevent diabetes intestinal disease?,"If you are anxious to look at your feet and to keep them warm, don't keep them warm. To keep them warm, don't keep them warm. To keep them warm, don't keep them warm. To keep them warm, don't keep them warm with your foot-tips. In order that you don't keep them warm, don't keep them warm with your foot-t press-tips. 2-day, look at your feet and the color of your feet. If you are afraid to look at them, use the mirror or to help your family. 3 - if you don't need to wash your feet, wash your feet with hot water, don't keep them hot or hot with water. If you want to keep them hot with your feet, don't keep them warm with your feet. Do not want to keep them warm with your foot-st want to keep them warm with your feet."
What's a diet for diabetes in the amniocentesis?,Diet for Diabetes Pedophilia: Diarrhea
What makes diabetes ketonic acidosis a part of breast-endocrine disease?,Category of diabetes ketonic acid disease: breast - endocrinosis
What are some of the other diseases associated with breast-endocrinosis?,Category of diabetes ketonic acid disease: breast - endocrinosis
What is the English name for diabetic keoaciosis?,Diabetic ketoacidosis:
What are the major symptoms of diabetes ketonic acidosis?,"Symptoms of diabetes ketonic acid disease: abdominal pain, low consciousness, fatigue, oral dryness, edema, mouth breathing"
What kind of diabetes is diabetes related to diabetes?,"A related disease for diabetes ketonic acidia: insulin-dependency diabetes, insulin-dependency diabetes, diabetes"
"When diabetes ketonic acid disease is diagnosed, what kind of treatment and care is needed in endocrinology?","For diabetes ketonic acid disease: endocrinosis,"
"If you have diabetes ketonic acidosis, do you have to be consulted in other places besides your endocrinosis?","For diabetes ketonic acid disease: endocrinosis,"
What does DCA mean?,"The equivalent of diabetes ketonic acidosis: DCA, diabetes ketonic acidosis, diabetes ketonic acidosis, ketonic acidosis."
What's the main cause of diabetic ketonic acidosis?,"The equivalent of diabetes ketonic acidosis: DCA, diabetes ketonic acidosis, diabetes ketonic acidosis, ketonic acidosis."
What are the symptoms of diabetes ketonic acidosis?,"Diabetes ketonic acidosis is one of the acute complications of diabetes, characterized by hyperglycemic, metabolic, and ketonic acid disease. Diabetes can occur mainly in patients whose pancreas does not produce insulin, but also in patients with Type 2 diabetes."
What kind of patients are diabetes ketonic acid?,"Diabetes ketonic acidosis is one of the acute complications of diabetes, characterized by hyperglycemic, metabolic, and ketonic acid disease. Diabetes can occur mainly in patients whose pancreas does not produce insulin, but also in patients with Type 2 diabetes."
What's the main cause of diabetes ketonic acidosis?,"The cause of diabetes ketonic acidosis: diabetes can lead to an increase in stress hormones due to physical and mental stress, when patients with Type 1 who are given normal insulin treatment suddenly stop taking insulin, or when people with diabetes have secondary reasons, such as infection and surgery."
What are the specific symptoms of diabetes ketonic acidosis?,"The specific symptoms of diabetes ketonic acid disease: the symptoms of diabetes can vary from dryness of the mouth to changes in consciousness, including fatigue, vomiting, abdominal pain, breath smell of fruit, poor pulse, low blood pressure."
What are the symptoms of diabetes ketonic acidosis?,"The specific symptoms of diabetes ketonic acid disease: the symptoms of diabetes can vary from dryness of the mouth to changes in consciousness, including fatigue, vomiting, abdominal pain, breath smell of fruit, poor pulse, low blood pressure."
What can be done to diagnose diabetes ketonic acidosis?,"If diabetes ketonic acidosis is suspected, you can start early with a blood sugar test, electrolyte test, kidney function, acetone test in urine and plasma, an aneurysm test, acetic ketonic acidosis, lactic acidosis, lactic acidosis, acidic acidosis, drug (methylololol, ethylene) and other things."
How do you separate diabetes ketonic acidosis from other metabolic acidosis?,"If diabetes ketonic acidosis is suspected, you can start early with a blood sugar test, electrolyte test, kidney function, acetone test in urine and plasma, an aneurysm test, acetic ketonic acidosis, lactic acidosis, lactic acidosis, acidic acidosis, drug (methylololol, ethylene) and other things."
What are some of the entries in the treatment of diabetes ketonic acidosis?,"A treatment for diabetesic ketonic acidosis: In order to prevent diabetes, anti-insulination is the most important anti-resistant anti-resistant anti-resistant, metabolic therapy through insulin supplementation and electrolytic acidosis."
What should you be careful about when you're dealing with fluid?,"A treatment for diabetesic ketonic acidosis: In order to prevent diabetes, anti-insulination is the most important anti-resistant anti-resistant anti-resistant, metabolic therapy through insulin supplementation and electrolytic acidosis."
What is the purpose of insulin therapy?,"A treatment for diabetesic ketonic acidosis: In order to prevent diabetes, anti-insulination is the most important anti-resistant anti-resistant anti-resistant, metabolic therapy through insulin supplementation and electrolytic acidosis."
How does it work with diabetes ketonic acidosis?,"Diabetes ketonic acidosis is usually an insulin supply and fluid supplement that can be restored by treating the cause of hyperthyroid and metabolic acid disease, and by properly treating the cause of diabetes-like ketonic acidosis, which is less than 1% mortality at the time, but by age or cause, death rates increase by 5% or more."
What are the reasons why pregnancy diabetes is classified as a female disease?,Category for Cynic Diabetes: Women’s Disease
What are the symptoms of pregnancy diabetes?,Category for Cynic Diabetes: Women’s Disease
What can you do to prevent cyclic diabetes?,Category for Cynic Diabetes: Women’s Disease
What is the English name for girls?,"Disease, spiritual civilization of cyclic diabetes:"
What are the symptoms of pregnancy diabetes?,"Symptoms of cyclic diabetes: lack of energy, homeopathy, high blood sugar, low skin tension"
What is the disease associated with cyclic diabetes?,"Related diseases of celiac diabetes: low blood sugar, premature births, high blood pressure, autoimmunes, presumptions, birth defects, birth defects, birth - control syndrome"
How is the role of endocrinology and gynecology with cyclic diabetes different?,"Diarrhea diabetes: endocrinology, gynecology,"
"If you suspect that you have cyclic diabetes, what symptoms should you look at before visiting endocrinology?","Diarrhea diabetes: endocrinology, gynecology,"
What is cyclic diabetes?,The equivalent of cyclic diabetes:
What do you see in cyclic diabetes?,The equivalent of cyclic diabetes:
What's the cure for pregnancy diabetes?,The equivalent of cyclic diabetes:
What is cyclic diabetes?,"Premature pregnancy definition: Celiac diabetes is a disease caused by diabetes already before pregnancy. It is a result of an exaggerated physiological change in the blood vessels. It can be determined by either the first or the second case of a pregnancy. Cyctonic diabetes can be classified as pre-pregnant and post-precise diabetes. In the early stages of pregnancy, there may be damage to the fetus and the fetus. In the early stages of pregnancy, there is no significant difference between abnormality and abnormality."
What causes pregnancy diabetes?,"Premature pregnancy definition: Celiac diabetes is a disease caused by diabetes already before pregnancy. It is a result of an exaggerated physiological change in the blood vessels. It can be determined by either the first or the second case of a pregnancy. Cyctonic diabetes can be classified as pre-pregnant and post-precise diabetes. In the early stages of pregnancy, there may be damage to the fetus and the fetus. In the early stages of pregnancy, there is no significant difference between abnormality and abnormality."
Didn't you know exactly what caused pregnancy diabetes?,"The cause of celiac diabetes: the cause of pregnancy diabetes is not known exactly; it is estimated that celiac diabetes is associated with the inhibition of the secretion of insulin, such as placental lactase, cystous hormones, and the action of the anti-resistant enzyme."
Why is insulin inhibited in a pregnant woman's pancreas with cyclic diabetes?,"The cause of celiac diabetes: the cause of pregnancy diabetes is not known exactly; it is estimated that celiac diabetes is associated with the inhibition of the secretion of insulin, such as placental lactase, cystous hormones, and the action of the anti-resistant enzyme."
What are the specific symptoms of pregnancy diabetes?,"The specific symptoms of pregnancy diabetes: most of them don't show any symptoms, they often show symptoms of fatigue and weakness, and they also have pregnancy high blood pressure."
How is pregnancy diabetes diagnosed?,"The diagnosis of cyclic diabetes: cyclic diabetes is diagnosed as an oral substrate. A pregnant woman who is likely to be pregnant for the first time will perform a birth control test. An unpredictably pregnant woman will do a screening test for 50 grams of epidemiology within 24 to 28 weeks of pregnancy. If diabetes is in doubt, she may be diagnosed with cyclical diabetes."
When do I have to be tested for pregnancy diabetes?,"The diagnosis of cyclic diabetes: cyclic diabetes is diagnosed as an oral substrate. A pregnant woman who is likely to be pregnant for the first time will perform a birth control test. An unpredictably pregnant woman will do a screening test for 50 grams of epidemiology within 24 to 28 weeks of pregnancy. If diabetes is in doubt, she may be diagnosed with cyclical diabetes."
What's the main way to treat cyclic diabetes?,"Treatment of celiac diabetes: Diet, exercise, insulin, and so forth, to control blood sugar. It is recommended to consult with the experts to determine how and how to determine how and how well. You need to monitor the fetus and evaluate its maturity. After delivery you have to focus on the newborn. The target blood sugar is less than 95 mg/dL, 140 mg/dL, or less than 120 mg/dl, after 1 hour, after 2ml, after 2ml, after which the blood sugar is not recommended. This is not recommended if it is not recommended for insulin."
How do you control your blood sugar during treatment of cyclic diabetes?,"Treatment of celiac diabetes: Diet, exercise, insulin, and so forth, to control blood sugar. It is recommended to consult with the experts to determine how and how to determine how and how well. You need to monitor the fetus and evaluate its maturity. After delivery you have to focus on the newborn. The target blood sugar is less than 95 mg/dL, 140 mg/dL, or less than 120 mg/dl, after 1 hour, after 2ml, after 2ml, after which the blood sugar is not recommended. This is not recommended if it is not recommended for insulin."
What should be done during pregnancy diabetes when blood sugar controls don't go well?,"Treatment of celiac diabetes: Diet, exercise, insulin, and so forth, to control blood sugar. It is recommended to consult with the experts to determine how and how to determine how and how well. You need to monitor the fetus and evaluate its maturity. After delivery you have to focus on the newborn. The target blood sugar is less than 95 mg/dL, 140 mg/dL, or less than 120 mg/dl, after 1 hour, after 2ml, after 2ml, after which the blood sugar is not recommended. This is not recommended if it is not recommended for insulin."
What's the reason why you don't use oral blood sugar to treat cyclic diabetes?,"Treatment of celiac diabetes: Diet, exercise, insulin, and so forth, to control blood sugar. It is recommended to consult with the experts to determine how and how to determine how and how well. You need to monitor the fetus and evaluate its maturity. After delivery you have to focus on the newborn. The target blood sugar is less than 95 mg/dL, 140 mg/dL, or less than 120 mg/dl, after 1 hour, after 2ml, after 2ml, after which the blood sugar is not recommended. This is not recommended if it is not recommended for insulin."
How can pregnancy diabetes affect the fetus during pregnancy?,"If the blood sugar is not controlled, it is reported to increase the frequency of fatal deaths in the developing fetus four to eight weeks before delivery. High blood pressure and massive births can increase the frequency of cesareans."
